site,alsum,random,aVrDif,temporal,aVtDiff,account,rccount,ticcount
aargcomau,0.878475,0.997009,-0.118534,0.885385,-0.006910,5.900000,6.800000,6.800000
abiequinecom,0.842053,0.932705,-0.090653,0.874833,-0.032780,4.400000,3.000000,3.500000
activeboardcom,0.924154,0.978626,-0.054472,0.917361,0.006793,4.266667,3.866667,4.333333
adventuresinestrogenblogspotcom,0.923514,0.932416,-0.008901,0.930074,-0.006560,4.400000,3.466667,3.733333
afsrechtsanwaeltede,0.823626,0.831839,-0.008212,0.828276,-0.004650,2.230769,2.000000,2.384615
